3.438729436311405e-06,0.00022209568123798817,-0.0013658690731972456,0.0014864096883684397,-0.0008829759899526834,-0.0007766988128423691,-0.0006338829989545047,0.0006033511599525809,0.0003999110485892743,-0.00038183157448656857,-0.0014177820412442088,0.0002620540908537805,0.0005150433862581849,-0.0003784776490647346,0.0006550626130774617,0.0012876036344096065,-0.0010367290815338492,-0.0017308028182014823,-5.185721238376573e-05,-0.0006679008365608752,0.00010169822053285316,0.0009715808555483818,-6.518645386677235e-05,-0.00012475153198465705,-0.0012141995830461383,0.000361508980859071,-0.0006219269125722349,-0.0008646252099424601,0.0006103101768530905,0.0003346698940731585,0.0005352525040507317,-0.0005773868761025369,0.0003181644424330443,0.0002908377500716597,-0.00019909396360162646,-0.0004903730587102473,-0.0022790790535509586,0.0001203014180646278,0.0018491183873265982,0.0004941528895869851,-0.00034851982491090894,-0.00019368426001165062,0.0014927935553714633,0.0006063463515602052,0.00039378294604830444,-0.0005778615013696253,-0.0008022217662073672,-0.00029023128445260227,0.00024106736236717552,0.00042675327858887613,-0.00021615283912979066,0.0020590582862496376,-2.977486656163819e-05,-0.0004944848478771746,-0.002761963987722993,0.002444579266011715,-0.001446480629965663,0.0005440042004920542,-0.0023520332761108875,-0.0007735812687315047,0.0005690765101462603,-0.0003158301115036011,0.00041828412213362753,-0.001468064496293664,0.0010785764316096902,0.0023228228092193604,0.001978555927053094,-0.0006140218465588987,-0.0014974604127928615,0.0006641108193434775,-0.0010868693934753537,0.0009741169051267207,0.00041271746158599854,0.00025692436611279845,0.0014124305453151464,0.00028095277957618237,7.11745087755844e-05,-0.002725478494539857,0.001098227221518755,-0.0010178021620959044,0.000541541026905179,-0.0007007254753261805,-0.00015659922792110592,-0.001406192546710372,-0.0013253497891128063,0.0001830349356168881,-0.0005579011049121618,0.0012182927457615733,-0.0008427719003520906,0.001066747005097568,-0.001084822928532958,-1.3460736226988956e-05,0.0012837979011237621,0.0005723038921132684,-0.0010465543018653989,-0.0013864412903785706,-0.0004936469485983253,0.0004208585014566779,-0.0012826560996472836,-0.0002855787461157888
-0.0012578314635902643,0.0012405504239723086,-0.0007226730813272297,0.00039199969614855945,-0.0014139580307528377,-0.0014337310567498207,0.0018513622926548123,0.0018581381300464272,-0.0011281885672360659,-0.001544073922559619,0.0015886793844401836,0.00016493286238983274,-0.002613128861412406,0.0004305264155846089,0.0006064064218662679,0.0018382658017799258,-0.0005916409427300096,0.0019364050822332501,-0.00013562076492235065,-0.00030012973002158105,-0.0002912823110818863,-0.0009992142440751195,-0.0018190389964729548,-0.0019427601946517825,-0.0021819097455590963,-0.0012048770440742373,-0.000451392843388021,-0.00018447297043167055,0.003033692017197609,0.0012820754200220108,-0.0016806451603770256,-0.0018240693025290966,-0.00178873585537076,-0.0014394945465028286,0.0005635037086904049,-0.0026139214169234037,-0.002139625372365117,-0.002138098469004035,-0.0010658507235348225,-0.002815288957208395,-0.0014286517398431897,-0.0021896592807024717,-0.0027893418446183205,0.00028232717886567116,-0.0006689795991405845,-0.0012042559683322906,0.0006614279700443149,-0.00052506139036268,0.0008173818932846189,1.7180806025862694e-05,-0.001741111045703292,0.0010797722497954965,0.003157575149089098,0.00043253428884781897,-0.001324313459917903,0.0001364359923172742,-0.00033177182194776833,0.00048256898298859596,-0.002183761680498719,0.000991586595773697,-0.0033116263803094625,0.0001578766677994281,-0.0006144008366391063,0.0007263593142852187,0.0007573775947093964,0.0009937779977917671,0.0008004343835636973,-0.0006478087743744254,0.0025675236247479916,0.001187408808618784,-3.7491943203349365e-06,0.001722541288472712,-0.0008055341895669699,0.002755089895799756,-0.002466213423758745,-0.0005856013158336282,0.00038267747731879354,-0.00036400099634192884,0.0006626909598708153,0.00013851581024937332,-0.001418770756572485,0.0009849859634414315,-0.00012601810158230364,0.0009638861520215869,-0.000327923713484779,-0.00029492948669940233,0.000556596671231091,-0.0008729076362214983,-0.002813794184476137,0.0002018047234741971,-0.0007461780332960188,-0.002256200648844242,5.672113911714405e-05,0.0016934300074353814,-0.00034713727654889226,0.00018385285511612892,-6.551927071996033e-05,0.0008337906328961253,0.0018934676190838218,-0.000532264937646687
-0.0005701407790184021,0.002358917146921158,0.0002968530752696097,0.0005341882351785898,-0.0012454944662749767,0.0003357455716468394,-0.00016858622257132083,-0.00033362337853759527,0.00032636415562592447,0.0017700050957500935,-6.387708708643913e-05,-0.0002917138044722378,0.0012726914137601852,-0.0010290475329384208,-0.00012281214003451169,0.003221086924895644,-0.0014072384219616652,-0.0007449588156305254,-0.0005489528994075954,-0.0008336042519658804,-0.002156379632651806,-0.0027142243925482035,0.0012123103952035308,-0.0008800129871815443,0.002709842287003994,-0.0013088540872558951,0.0003897935675922781,-0.0011439472436904907,0.0005731763085350394,0.0025087709072977304,0.002393124159425497,1.3760058209300041e-05,0.00023120774130802602,-0.0009715434862300754,0.001630506943911314,0.0006548753008246422,-0.0014562405413016677,-0.0006035321857780218,0.00028311077039688826,-0.0010978978825733066,-0.0013487578835338354,-0.0009736744686961174,-0.0015160130569711328,-0.0011835069162771106,-0.0007372929831035435,-0.0023032885510474443,0.00040745423757471144,6.27199697191827e-05,-0.00046548841055482626,-0.0011857172939926386,0.001851447974331677,0.0027772458270192146,0.0005360954673960805,-0.002420778153464198,0.0015381620032712817,-0.0002849159063771367,0.001428248593583703,0.0009460997534915805,0.0014170294161885977,0.0007890831329859793,3.09269453282468e-05,-0.0011528178583830595,2.407277497695759e-05,-0.0022965786047279835,0.0005243891500867903,-0.0006320949760265648,-0.0006231500301510096,-0.0012331076432019472,-0.002350663533434272,0.0004536706255748868,0.0015756888315081596,0.0014094733633100986,-0.0023520977701991796,-0.0007241771090775728,0.0028050930704921484,0.001400396809913218,0.0012495174305513501,0.001530976383946836,-0.002061558188870549,0.0008193773683160543,-0.0013526336988434196,0.0016684673028066754,0.0011998701374977827,8.907735900720581e-05,0.00039918679976835847,-0.001719340099953115,0.0010118917562067509,0.0011178768472746015,1.6278199836960994e-05,0.001792716677300632,-0.0007061694632284343,0.000888918642885983,-0.00044389854883775115,7.491809810744599e-05,-0.0007020517368800938,0.0009610315319150686,0.001577453687787056,0.00018379447283223271,-0.0006487852078862488,0.0005722805508412421
-0.0007350344676524401,0.0006951179238967597,-0.0010413405252620578,-0.0018445274326950312,0.00020577492250595242,0.001046875026077032,0.00020043029508087784,-0.0016893441788852215,0.0006723050610162318,0.0026415653992444277,9.671981388237327e-05,0.000871871190611273,-0.0007739162538200617,0.001320538343861699,0.0006834169034846127,-0.0002032404881902039,7.791002281010151e-05,0.0006388039328157902,-0.0008023583795875311,-0.002092223847284913,-0.0017458359943702817,0.0012943623587489128,-0.0011466258438304067,-0.0027250051498413086,-6.432510417653248e-05,-0.0005633137770928442,-0.0006213035667315125,2.307755312358495e-05,0.0009546609944663942,0.0006207530968822539,-0.00045553414383903146,0.0011262523476034403,-0.001718707848340273,-0.00033125217305496335,-0.0006042442400939763,0.0009955097921192646,0.00026732549304142594,-0.00016329037316609174,-0.0009521864703856409,-0.0019190083257853985,-0.0028600527439266443,-0.0009700075606815517,0.0001009750776574947,0.000760974595323205,-0.00030882470309734344,-0.00012071112723788247,0.0002236520522274077,-0.00010812670370796695,0.0017157786060124636,0.0002036333899013698,-0.0002958157565444708,-0.0004998802323825657,6.158313772175461e-05,0.0007548336288891733,0.0008503124117851257,-0.0005339203053154051,0.0017475011991336942,-0.0011916544754058123,0.00033225820516236126,-0.0026387537363916636,0.0018644877709448338,-0.0012912750244140625,-0.0032987564336508512,-0.0015795067884027958,0.0021586131770163774,-5.4217151046032086e-05,0.0014433003962039948,0.0006580536137335002,6.785722507629544e-05,0.0006206550169736147,-0.001989824930205941,-0.0009886623593047261,7.824315980542451e-05,0.0014420136576518416,-0.000932512164581567,0.0008067823364399374,-0.0003665726399049163,0.00022446700313594192,0.00142073689494282,0.00028884297353215516,0.0015647648833692074,-0.0028844380285590887,-1.1577491022762842e-05,-0.0015255394391715527,0.0006595467566512525,-0.0005890969187021255,8.145792526192963e-05,0.0016328059136867523,-0.00047920423094183207,-0.0025366374757140875,0.0018578751478344202,-0.00020551927445922047,-0.0004841881454922259,0.0007508849375881255,-0.0016471347771584988,0.0023113046772778034,0.0007683135336264968,-0.0019785789772868156,0.003396744839847088,0.0003520897007547319
0.000515652762260288,3.8005640817573294e-05,0.00024879875127226114,-0.000412329682148993,-8.04244882601779e-06,0.002787961857393384,0.0002378959470661357,-0.0011866926215589046,-0.0008837289642542601,0.000735165027435869,-0.0007288235356099904,-0.00176607770845294,4.4652741053141654e-05,-0.0006877070991322398,0.001331038074567914,-0.0013944157399237156,0.001345901284366846,0.0018099916633218527,0.001042221556417644,-0.0017019757069647312,0.0011608593631535769,-0.0005338653572835028,-0.0005319702904671431,0.0005897436058148742,0.0020098527893424034,-0.0009007060434669256,-0.0009544392232783139,4.238521432853304e-05,-0.0015136589063331485,-0.001080940943211317,0.0004754222754854709,-0.0007666838355362415,0.0003608250408433378,0.0011530396295711398,-0.0004230608174111694,0.0011913878843188286,0.0006456243572756648,-0.0012116547441110015,-0.0009985388023778796,-0.0033949678763747215,-0.00018097383144777268,-0.0005877077928744256,0.001460059080272913,-0.00031314665102399886,0.0001802339102141559,-0.00041135938954539597,0.0007036371971480548,0.0009843646548688412,-0.0005446390714496374,-0.0017147058388218284,-0.000237252505030483,0.000639051606412977,0.00212669069878757,0.0026424373500049114,-0.0007369648665189743,0.0006513481494039297,-0.002872185781598091,0.0010908790864050388,-0.001809366513043642,0.0011537601239979267,-5.7903194829123095e-05,0.0011021146783605218,0.000601127976551652,0.001153802964836359,0.002687591128051281,-0.0007916335598565638,-0.0011764420196413994,-0.001245383289642632,0.0009470596560277045,0.0015920193400233984,-0.0025072835851460695,-0.0016315364046022296,0.00107967562507838,-0.0005707989912480116,-0.0007123982068151236,0.0011533484794199467,0.0013318968703970313,0.0009736879146657884,-0.0006325728609226644,0.0006769829196855426,0.0016214108327403665,-0.00024669923004694283,-0.00019268033793196082,-0.0006569529068656266,0.0006456452538259327,-0.00010307994671165943,-0.0008816391928121448,-9.183437214232981e-05,-0.0016490647103637457,0.001759540755301714,-0.0012648358242586255,-0.0008031131001189351,0.0013069952838122845,-0.0009205552632920444,0.0018465479370206594,0.0001955394836841151,-0.00038876995677128434,-0.0007747662020847201,0.0022784771863371134,0.0018120850436389446
-0.0013911876594647765,-0.0005212762043811381,0.000720288953743875,0.0007207701564766467,-0.0002243134513264522,-0.0002727322280406952,-0.0002982664154842496,0.001137061626650393,0.0008023884729482234,-0.0014812926528975368,0.0005063546705059707,0.0003319317183922976,-0.0003839556884486228,-0.002845168113708496,0.0002513240906409919,0.0012036889092996716,-0.0025011387187987566,-0.0005276505835354328,0.00026776455342769623,-0.00013660668628290296,-0.0012708575231954455,-0.0013074236921966076,-0.0008816123008728027,-0.00012105383939342573,-0.00016414864512626082,0.00038372635026462376,0.0002351475995965302,-9.777147351996973e-05,0.001053582294844091,-0.0010286301840096712,-0.001150038791820407,-0.0004674147057812661,0.0007854134310036898,0.00028326857136562467,0.001361071947030723,-0.003994787577539682,-0.0006394467782229185,0.0004479803901631385,0.0016695576487109065,0.0015763421542942524,0.0009562354534864426,-0.0002777117188088596,-0.00016625699936412275,0.0018735895864665508,0.0009357050294056535,0.0010134439216926694,0.0005087755853310227,0.00030292291194200516,-0.001688167336396873,-0.0007196603692136705,0.0010342439636588097,-0.001246600179001689,-0.0005758924526162446,-0.0010892539285123348,-0.00107661378569901,-0.0012784884311258793,-0.002163087483495474,-0.0009627850377000868,0.0015420124400407076,0.0007690907805226743,-0.0004337954451330006,0.001683829352259636,-0.0028402789030224085,-0.0017179239075630903,-0.0002896393707487732,0.0007351770764216781,-0.0007998843211680651,0.0012777120573446155,0.0010979726212099195,-0.00015196877939160913,0.0025361268781125546,0.0023190027568489313,-0.00016953996964730322,-0.0017535686492919922,-0.0009755235514603555,-0.0005958160618320107,-0.0013021674240007997,0.00026236241683363914,-0.00017480133101344109,-0.001677777268923819,0.0012957840226590633,-0.0007976736524142325,0.0008125223102979362,4.276243635104038e-05,2.3792899810359813e-05,0.0001451766729587689,0.00048409588634967804,0.00030583309126086533,-0.0006849035271443427,0.0021322211250662804,0.0025264041032642126,0.0027548971120268106,0.00010475387534825131,0.0007815605495125055,-0.0006125755026005208,-0.001384193543344736,0.000835785991512239,0.0011137726251035929,-0.0004481959040276706,0.0008631735690869391
-0.00028638835647143424,0.002060906495898962,0.002544408431276679,0.00138201960362494,9.071693784790114e-05,8.981725113699213e-05,0.002608049660921097,-0.0016853498527780175,0.000604321074206382,-0.00239972653798759,-6.64492017676821e-06,0.0018997767474502325,3.855343038594583e-06,0.0014756284654140472,-0.0009293000330217183,-0.0035492614842951298,-0.0007524649845436215,-0.0012740863021463156,0.00239893258549273,-0.0005296230083331466,-0.00022882336634211242,-0.0006524132913909853,-0.0016333394451066852,3.490541348583065e-05,-0.0010727449553087354,-0.002276084152981639,0.002449269872158766,0.0024439250119030476,0.0006787382299080491,-0.000829769647680223,-0.001203622086904943,-0.0024361542891710997,-0.000688779226038605,-0.0013002438936382532,-0.0005880544777028263,-0.0014528249157592654,-0.0019585273694247007,0.0018537237774580717,0.0005315715097822249,5.623246033792384e-05,0.004034936893731356,0.0007180736283771694,-0.002973060356453061,-0.002415349008515477,0.0005206044297665358,-5.9636542573571205e-05,-0.0006992326234467328,-0.003945772536098957,-0.0010647332528606057,0.0015440749702975154,0.0018254609312862158,-0.0016472629504278302,0.000887032481841743,-0.0005570329958572984,-0.000872506236191839,-0.001422543777152896,-0.0017872616881504655,0.0021175413858145475,0.0004326219204813242,0.0013269141782075167,0.0019054785370826721,-0.0010725129395723343,0.0018330278107896447,-0.003126863157376647,0.002635842887684703,0.00020740984473377466,-0.0002710639964789152,0.00019550796423573047,0.0021679778583347797,0.0017540670232847333,0.0006685181288048625,0.0007317155250348151,-0.0022915080189704895,-3.976045627496205e-05,-0.0005292037385515869,0.0007753070094622672,-0.0017240941524505615,-3.409751661820337e-05,0.0013317782431840897,0.0006882618763484061,-0.0028504543006420135,-0.00036522001028060913,-0.00018939316214527935,0.00031955953454598784,-0.002491565188392997,-0.0006457847775891423,-0.0007258127443492413,0.00035316767753101885,0.00040438291034661233,0.0003913324326276779,0.0010863443603739142,-9.9469609267544e-05,-0.0022375821135938168,0.0001498029741924256,-0.00010435093281557783,-0.0018609364051371813,-0.00023730895190965384,0.00027765188133344054,0.0006453461246564984,0.001335892011411488
-0.00168003817088902,-0.0008044791757129133,-0.0011351904831826687,0.0015238929772749543,-8.008230906852987e-06,-0.002381191123276949,0.00017715850844979286,-0.0008650412783026695,0.0011832108721137047,-0.0009008329943753779,0.001536974566988647,0.0013957240153104067,0.0014050250174477696,0.0001917769550345838,0.0006312032928690314,0.0014920412795618176,0.0008311722194775939,0.0020727505907416344,0.0008659439045004547,-0.00037118178443051875,-0.0006404143641702831,-0.00013783082249574363,-0.0011420762166380882,-0.0010033076396211982,0.001911528524942696,0.0007638972019776702,0.0018178906757384539,0.0004758706199936569,-0.0005621970049105585,0.002288979245349765,-0.00025246734730899334,0.0019464035285636783,-0.00037640315713360906,-0.0003861880686599761,0.0010271422797814012,-0.0023525492288172245,-0.0011652600951492786,0.0009174300357699394,-0.0019754839595407248,0.0018684774404391646,-0.0006092314142733812,0.0004140739038120955,0.0019382282625883818,0.0005374440224841237,-0.0004505074757616967,-1.344209613307612e-05,0.00034641617094166577,-0.00014393383753485978,0.0007777173304930329,-0.0005175770493224263,-0.0009585682419128716,0.00025126629043370485,-0.0014265808276832104,9.55841733230045e-06,-0.0027530903462320566,-3.824281520792283e-05,0.00020069511083420366,7.811081013642251e-05,0.0011329080443829298,0.00012399948900565505,0.0007619030657224357,-0.0009245738619938493,0.00025733394431881607,0.0014260989846661687,0.0024871930945664644,-0.0001420270709786564,0.00020900479285046458,-0.0007916514296084642,0.0016749895876273513,-0.0004371468676254153,-0.0007509703282266855,0.0021300013177096844,0.00043767454917542636,0.0010818575974553823,-0.0016930998535826802,-0.0026614617090672255,-0.00026287551736459136,-0.0013175263302400708,0.0009916463168337941,0.0016247029416263103,0.00018617865862324834,0.0025321433786302805,-0.0003377704124432057,0.0011275223223492503,0.00020337967725936323,-0.0003141405468340963,0.00047412782441824675,-0.0018390535842627287,-0.0028666204307228327,0.0010126946726813912,0.0007105400436557829,-0.00029924296541139483,2.5029787138919346e-05,-0.0004614444333128631,0.0003008321800734848,0.00037606770638376474,0.0001792444963939488,-0.00023480952950194478,-0.0001739779836498201,-0.0019398562144488096
0.0018776044016703963,-0.0011411125306040049,-0.0015991039108484983,-0.0007761789602227509,0.0006576087907887995,0.0005559175624512136,0.0007892191642895341,0.0018569269450381398,0.001213311799801886,0.001682001631706953,-0.0014961283886805177,0.0005821007653139532,0.0004710676148533821,-0.0013105882098898292,0.0011578458361327648,-0.000991207780316472,-0.0003063393523916602,-0.000921761617064476,9.080737800104544e-05,-0.00019192132458556443,0.0008680423488840461,0.0010570235317572951,0.0010854016290977597,-0.0017176973633468151,0.001465704757720232,-0.0013184291310608387,-0.0018089142395183444,-0.00010417154408060014,0.00034104855149053037,0.0015865904279053211,-0.0011849311413243413,-0.00013251179188955575,-0.0015866979956626892,0.00045376888010650873,-0.0028637959621846676,-0.0016133531462401152,0.002720118500292301,0.0002032947668340057,-0.0003439864085521549,0.0006667398265562952,0.0001971064630197361,0.0012272405438125134,0.0002594362013041973,-0.0006813541403971612,-0.0014615851687267423,0.000610786082688719,0.0017293159617111087,0.0006701031816191971,-0.0009577059536240995,-0.0016622133553028107,-0.0002949009067378938,9.394937660545111e-05,-0.001478851307183504,-0.0011245665373280644,-0.0009754729107953608,-0.0001571991597302258,0.0006900842417962849,-0.0035167464520782232,0.0010919147171080112,0.0007002798956818879,0.00273249763995409,0.0015667163534089923,0.0007845337968319654,0.0004235244414303452,2.6648101538739866e-06,-0.0019550046417862177,-0.0010865821968764067,-0.00045431757462210953,-0.00038971149479039013,-0.002283276990056038,-0.0015648287953808904,-0.0008486092556267977,0.0006030308431945741,-0.0008919248939491808,-0.0029580616392195225,0.0015720947412773967,0.0005821118247695267,-0.00037277769297361374,0.00020574139489326626,-5.033974230173044e-05,-0.0010388237424194813,-0.0020277935545891523,0.000950970861595124,0.0008674915879964828,0.0007623836863785982,-0.001119838678278029,-0.0012937280116602778,-0.00014529447071254253,0.002696416573598981,-0.0006435556570068002,-0.0003915370616596192,-0.0013900217600166798,0.000643979583401233,-0.0007812626427039504,0.00027425988810136914,0.0003425621835049242,-0.0005129490164108574,-0.0018435257952660322,0.0008880404639057815,-0.0004826023359782994
-0.00030318909557536244,-0.0008495798101648688,-4.8520436394028366e-05,-0.0006882410380057991,-0.001441388507373631,0.0007462430512532592,-0.001731625641696155,0.0007952723535709083,-0.0006304599228315055,0.001980722649022937,-0.0012384284054860473,-0.00047934267786331475,0.0018685284303501248,0.0025432987604290247,5.187670831219293e-05,-0.00014366024697665125,0.0004528719000518322,0.00012395487283356488,-0.000509595382027328,0.0003350086335558444,0.00021177162125241011,0.002691222121939063,-0.0015458256239071488,7.425244257319719e-05,-0.0006205395329743624,-0.0001882082869997248,-0.00018537997675593942,0.00027799810050055385,0.0002300685300724581,-0.000204738462343812,-2.9839786293450743e-05,-0.002492267172783613,0.0006505956407636404,0.002909471746534109,0.000237920306972228,0.0009435637039132416,0.00019830303790513426,-0.0011041178368031979,-0.0008029404561966658,0.00022978497145231813,0.00013263942673802376,-0.0020391331054270267,-0.0002920824335888028,-0.0010967153357341886,0.0008948568138293922,0.0014418225036934018,-0.0016827796353027225,-0.000843615853227675,0.0010349504882469773,0.0010728929191827774,-0.00043914091656915843,4.4298358261585236e-05,0.0010601786198094487,-2.1877634935663082e-05,0.0005435131024569273,-0.0011019079247489572,-0.0007961572846397758,0.001564904348924756,-0.0002974435919895768,-2.7641664928523824e-05,-0.0009746759897097945,-0.0010844054631888866,0.0019774334505200386,-0.0007020041230134666,-0.0012257464695721865,0.0007129451842047274,-0.0003036919515579939,-0.002106895437464118,-0.0003088309895247221,-0.00249254098162055,0.00011314335279166698,0.0013950829161331058,0.00038403357029892504,-0.0023838470224291086,-0.0014373325975611806,-0.003385941730812192,0.0005159329739399254,0.0013668735045939684,-0.0003269084554631263,-0.0005280837067402899,0.0025683047715574503,-0.0016578849172219634,6.20056816842407e-05,-0.0016595270717516541,0.0014260961906984448,-0.0016544810496270657,-0.0012399646220728755,-0.00031140560167841613,0.0014199148863554,-0.0030362389516085386,-0.00024491455405950546,-1.309291383222444e-05,0.0005938904942013323,-0.0002727401733864099,0.0008198300492949784,-0.00019863410852849483,-0.00031456875149160624,-0.0018996511353179812,-0.0015168997924774885,-5.710180994356051e-05
-0.00018124913913197815,-0.0025140978395938873,-5.728565156459808e-06,-0.0009604152292013168,9.156697160506155e-06,-0.0012619222979992628,-0.0006606602692045271,-0.0022733299992978573,0.0001707641640678048,0.00018431126954965293,0.00018388612079434097,0.0002573638048488647,-0.001269115717150271,-0.0006391079514287412,-0.0012405019951984286,0.0007647202000953257,0.0007504190434701741,0.0011678567389026284,0.0010692222276702523,-0.0006108375382609665,0.0016250921180471778,0.0015486564952880144,0.0012229570420458913,-0.0017950886394828558,0.0002519828558433801,-0.0009631063439883292,0.00031003259937278926,-0.001710098935291171,0.002257660264149308,-0.0018751112511381507,0.000489652797114104,-0.000679165415931493,0.0016347236232832074,-0.0020713431295007467,0.001515451236627996,-0.00014155202370602638,-0.0016862928168848157,-0.0020951381884515285,-0.0008836127235554159,0.00035045717959292233,-0.0008306032977998257,-0.00039892829954624176,-0.0036848911549896,0.004048697650432587,-0.0007992219179868698,0.00016621104441583157,0.0011238381266593933,-0.0037335490342229605,0.0010873713763430715,0.0033764000982046127,0.0014716696459800005,0.0007096418412402272,0.000338529673172161,0.00380463944748044,-0.0005989920464344323,-0.00042778419447131455,-0.0003752943594008684,0.0006090880488045514,-0.000900419254321605,-0.00029253214597702026,0.00015906277985777706,0.0016190967289730906,0.00017318493337370455,-0.002367043402045965,0.0014746013330295682,7.869722321629524e-05,-0.001269765431061387,2.925184503510536e-07,0.0015045106410980225,0.00029694169643335044,0.0009580925107002258,-0.0009753004997037351,-0.000396459101466462,-0.0006656936020590365,0.0004810730169992894,-0.001412024605087936,-0.0005226933280937374,-0.0016500010387971997,-0.0023460290394723415,-0.00100397237110883,0.0014061162946745753,0.005480994936078787,0.0011763445800170302,0.001270535634830594,0.003309789579361677,0.0014122892171144485,0.0008613229729235172,-0.0013507495168596506,0.0020166451577097178,-0.002256738720461726,0.00015966543287504464,-0.0017819517524912953,0.0013363717589527369,-0.0007417644956149161,-0.0013303847517818213,0.0023700823076069355,-0.00036212027771398425,-0.0005668290541507304,0.0023902521934360266,0.0012928878422826529
0.0018017985858023167,0.000835471146274358,0.0011785386595875025,0.0005526699242182076,-0.0006313524791039526,0.0018055071122944355,0.001927862991578877,-0.0012341821566224098,0.0012258441420271993,-0.0018116858555004,-0.00037193793104961514,-0.0015467088669538498,0.0009631039574742317,0.0011825445108115673,0.0012949074152857065,0.0021806759759783745,0.0019217442022636533,0.00021700237994082272,0.0001390732650179416,-0.001139201456680894,-0.0009838128462433815,0.00037458143197000027,0.0016172956675291061,-0.000433086883276701,-0.0009867374319583178,-0.0010650419862940907,-0.00022840476594865322,-0.0042667146772146225,0.00045307312393561006,-0.00010698325058910996,-0.0014880559174343944,0.0006461003795266151,-0.00025809850194491446,-0.0010531628504395485,0.001629010308533907,-0.0011139155831187963,0.001324775512330234,2.0660614609369077e-05,0.0003888861683662981,0.0010272565996274352,-0.0017413981258869171,0.0011711635161191225,-0.0001993184705497697,0.003026587888598442,0.001404882874339819,0.0006646502297371626,-0.0014664506306871772,-0.0009535479475744069,-0.00071501056663692,-0.0015925639308989048,-0.00012275928747840226,0.0013369075022637844,0.0009731778409332037,-0.00044189952313899994,0.00243356847204268,0.0018839240074157715,-0.00021933205425739288,0.0018403737340122461,-0.0019684177823364735,-0.00030588588560931385,0.002421759068965912,-0.0001737238490022719,0.0019112498266622424,-0.0010851267725229263,-0.0001955118787009269,-0.00031469546956941485,0.0010689321206882596,0.0006159564945846796,0.001136951963417232,0.0013519386993721128,-0.0001493082381784916,4.166380313108675e-05,0.003482100088149309,0.0013604590203613043,3.397459659026936e-05,-0.0010446441592648625,-0.002400341210886836,-0.0029532667249441147,0.00018757913494482636,0.0021329629234969616,7.964687392814085e-05,-0.0005803235690109432,-0.004039458930492401,-0.0015097464201971889,0.0006763215060345829,-0.0022286379244178534,-0.0016541345976293087,-1.3343316823011264e-05,-0.0020578918047249317,0.0005327183753252029,0.0013860567705705762,-0.0019121741643175483,0.0011595748364925385,0.0003166366368532181,0.0009134381543844938,0.00265486934222281,-0.00042987283086404204,-0.002577099483460188,-0.0015186957316473126,-0.0014730609254911542
0.001787157147191465,-1.7232947357115336e-05,-0.0005009552696719766,0.0009661838412284851,0.0021205032244324684,-0.0008038367377594113,9.394975108989456e-07,0.0002010733587667346,0.0011442978866398335,0.0030957579147070646,-0.0009497922728769481,-0.00012844947923440486,0.0013415535213425756,-0.0017257281579077244,0.0027588708326220512,-0.0008918415405787528,-0.0001942034432431683,0.0011543338187038898,0.001049637794494629,-0.0021716144401580095,0.0003926359349861741,6.67321655782871e-05,0.001721761072985828,0.0004240975540596992,0.0010808571241796017,-0.00023841182701289654,-0.0014631780795753002,0.0017301645129919052,0.0006891864468343556,-0.0001982257526833564,0.0008207591599784791,0.0020032371394336224,-0.0005217759753577411,-0.0002641315804794431,-0.00044146800064481795,-0.0012034614337608218,8.466793224215508e-05,-0.0008507927414029837,0.0009539269958622754,0.0002264724753331393,-0.0009582009515725076,-0.0012470411602407694,-0.0011626823106780648,0.0007889639236964285,0.003919897135347128,0.00133781717158854,-0.0003105230280198157,-0.0005737048923037946,0.0029624844901263714,0.0009758063824847341,-0.0015270771691575646,0.001954758306965232,0.0007124242256395519,-0.0008396590710617602,-0.0005557985859923065,-0.0005300764460116625,0.0018707039998844266,0.0004455322923604399,0.0006101849721744657,1.2717106073978357e-05,0.0009663042728789151,-0.0007551039452664554,0.0011184284230694175,-0.0024454330559819937,-0.0006190318963490427,0.0024555870331823826,-0.0011058517266064882,-0.00021401175763458014,0.0004546326817944646,-0.0006919889128766954,-0.0011827031848952174,0.0018488443456590176,-0.00024762796238064766,0.0019338331185281277,-0.0021174149587750435,0.0025068155955523252,0.00037465995410457253,-0.0015101619064807892,-0.00034204672556370497,0.0008926331647671759,0.0013217371888458729,-0.0005945534212514758,0.00030386995058506727,-0.00040330609772354364,-0.002192065119743347,-0.0005418102373369038,0.00024023631704039872,0.0008330146665684879,-0.0012375679798424244,-0.00011226627975702286,-0.0011858970392495394,0.0008617380517534912,0.00013100153591949493,0.0004037872131448239,-0.00211739051155746,-0.0019525885581970215,-0.00027700525242835283,-0.002506096148863435,-0.002259812317788601,0.0014828437706455588
-0.00041204318404197693,0.0029650877695530653,9.565582877257839e-05,-0.00045794708421453834,-0.0002538659027777612,0.0010046301176771522,-0.00013540327199734747,0.0004826887743547559,-0.00030382690601982176,0.0006255696061998606,3.479779843473807e-05,-0.001409945311024785,-0.0015830546617507935,-0.0005241886246949434,-0.0004365484055597335,2.0124647562624887e-05,-0.001781440689228475,-0.00024289576685987413,-2.7957682959822705e-06,-0.0002995161630678922,0.0004297703562770039,-0.0012702970998361707,-0.001807242864742875,-0.00019543760572560132,-0.0007958628120832145,-0.000421142322011292,0.0006512142717838287,-0.0003734642523340881,0.00028632686007767916,0.0011173748644068837,0.001277151401154697,0.0010485373204573989,9.43135455599986e-05,-0.0003175857709720731,-0.00020568048057612032,0.00037500268081203103,0.0012010318459942937,0.00021470554929692298,0.0004320530570112169,0.0002438034862279892,0.0005031697801314294,-0.0008668239461258054,0.00018981263565365225,0.001149368821643293,-0.0011168926721438766,-0.00010999717778759077,0.0010932661825791001,-0.00034303765278309584,0.001583861536346376,0.0006529127713292837,-0.00020580683485604823,0.0002699807519093156,-0.0011252647964283824,0.0011860801605507731,-0.0008560176938772202,-0.0008842954994179308,-0.00033526899642311037,-0.00020373010192997754,0.0007895897724665701,-0.00021083034516777843,0.0017090649344027042,0.0013583884574472904,-0.000762132927775383,0.0015603762585669756,-0.0005818314966745675,-0.00020042661344632506,0.0011743480572476983,0.0006898788851685822,0.0018426446476951241,0.00020481974934227765,-0.0012345162685960531,-0.000778492190875113,-0.0002307566610397771,-0.0004821899638045579,0.0018498357385396957,0.0008461369434371591,-0.0005765593377873302,-0.00027974831755273044,0.0009740094537846744,0.0006934988196007907,-0.0003303824632894248,4.30371926540829e-07,-0.0013568955473601818,-0.00017431253218092024,0.0004439725598786026,0.00018536265997681767,1.7842743545770645e-05,3.075954373343848e-05,-0.0012585805961862206,0.002008159877732396,-4.168848136032466e-06,0.0026700433809310198,-0.0003531545225996524,-0.0009695810731500387,-0.0014947097515687346,-6.086969005991705e-05,0.0009361932170577347,-0.0007019020849838853,-0.00015215326857287437,9.357967792311683e-05
0.0007075908361002803,-0.0027879890985786915,-0.0024589502718299627,-0.0016258794348686934,0.002846997231245041,-0.0027692129369825125,0.00023275254352483898,0.0006513440748676658,0.00020530853362288326,-0.003173865145072341,0.0017156570684164762,-0.0009742593974806368,-0.0008192663663066924,0.0014838548377156258,0.0016086980467662215,0.00259665260091424,0.0012177897151559591,-0.0008826334378682077,0.0010496975155547261,-0.0005559343262575567,-0.0014544125879183412,0.0002908992755692452,-0.0006657421472482383,-0.0013111633015796542,-0.0014093698700889945,-0.0002231844700872898,0.0006790043553337455,-0.0002326824323972687,0.000897491758223623,-0.001645188545808196,0.0017276732251048088,0.0003259192162659019,-0.0011030096793547273,-0.0013208345044404268,-0.001079399837180972,-0.0012252756860107183,-0.00083029770758003,-0.0011451300233602524,-0.0012948628282174468,-0.0001604879944352433,0.0003355530498083681,-0.002072109142318368,0.0037284642457962036,-0.0016033019637688994,-0.002132262336090207,0.00012231923756189644,-0.0014945429284125566,0.000676395371556282,-0.0001756115525495261,-0.0004044143424835056,-0.0020653309766203165,0.0009879878489300609,0.0010250889463350177,-0.001540488563477993,-0.0007641626289114356,-0.002106421859934926,-0.0006995887379162014,-0.0018952033715322614,0.00043973440187983215,0.006333039607852697,0.0003392715298105031,-0.0004030268464703113,0.0021825472358614206,-0.0002520250272937119,-0.0016349429497495294,0.0014291225234046578,-0.001414392376318574,-0.0021637659519910812,0.0015450745122507215,-0.000945361505728215,0.0020906501449644566,0.003763563698157668,-0.0010843456257134676,0.002190935891121626,-0.001079833135008812,-0.0029043566901236773,-0.0006813570507802069,-0.0021490075159817934,-0.0006108137895353138,-0.002467203652486205,0.00010459897021064535,0.00028261711122468114,0.0009476775303483009,-9.569110261509195e-05,0.0005156018887646496,-0.0010012969141826034,-0.001897328649647534,0.0005819996586069465,-4.254742088960484e-05,-0.00035419632331468165,0.002774652559310198,0.0013386562932282686,0.0017616220284253359,-0.0007868747925385833,0.000841194239910692,-0.000841100059915334,-0.0013354957336559892,0.0026023867540061474,-0.0008300276822410524,0.000970558263361454
3.438729436311405e-06,0.00022209568123798817,-0.0013658690731972456,0.0014864096883684397,-0.0008829759899526834,-0.0007766988128423691,-0.0006338829989545047,0.0006033511599525809,0.0003999110485892743,-0.00038183157448656857,-0.0014177820412442088,0.0002620540908537805,0.0005150433862581849,-0.0003784776490647346,0.0006550626130774617,0.0012876036344096065,-0.0010367290815338492,-0.0017308028182014823,-5.185721238376573e-05,-0.0006679008365608752,0.00010169822053285316,0.0009715808555483818,-6.518645386677235e-05,-0.00012475153198465705,-0.0012141995830461383,0.000361508980859071,-0.0006219269125722349,-0.0008646252099424601,0.0006103101768530905,0.0003346698940731585,0.0005352525040507317,-0.0005773868761025369,0.0003181644424330443,0.0002908377500716597,-0.00019909396360162646,-0.0004903730587102473,-0.0022790790535509586,0.0001203014180646278,0.0018491183873265982,0.0004941528895869851,-0.00034851982491090894,-0.00019368426001165062,0.0014927935553714633,0.0006063463515602052,0.00039378294604830444,-0.0005778615013696253,-0.0008022217662073672,-0.00029023128445260227,0.00024106736236717552,0.00042675327858887613,-0.00021615283912979066,0.0020590582862496376,-2.977486656163819e-05,-0.0004944848478771746,-0.002761963987722993,0.002444579266011715,-0.001446480629965663,0.0005440042004920542,-0.0023520332761108875,-0.0007735812687315047,0.0005690765101462603,-0.0003158301115036011,0.00041828412213362753,-0.001468064496293664,0.0010785764316096902,0.0023228228092193604,0.001978555927053094,-0.0006140218465588987,-0.0014974604127928615,0.0006641108193434775,-0.0010868693934753537,0.0009741169051267207,0.00041271746158599854,0.00025692436611279845,0.0014124305453151464,0.00028095277957618237,7.11745087755844e-05,-0.002725478494539857,0.001098227221518755,-0.0010178021620959044,0.000541541026905179,-0.0007007254753261805,-0.00015659922792110592,-0.001406192546710372,-0.0013253497891128063,0.0001830349356168881,-0.0005579011049121618,0.0012182927457615733,-0.0008427719003520906,0.001066747005097568,-0.001084822928532958,-1.3460736226988956e-05,0.0012837979011237621,0.0005723038921132684,-0.0010465543018653989,-0.0013864412903785706,-0.0004936469485983253,0.0004208585014566779,-0.0012826560996472836,-0.0002855787461157888
-0.0019051574636250734,0.0009460494038648903,-0.0005471418844535947,0.001942117465659976,0.0009690403821878135,-0.0007813971024006605,0.0026353320572525263,0.001808731583878398,-0.0005041563999839127,-0.0011353195877745748,-0.0010620717657729983,0.00020682807371485978,0.00109380844514817,0.00020213425159454346,0.0005233659758232534,0.0002577686682343483,-0.0001572976034367457,0.0011449559824541211,-0.0017662326572462916,0.00010484351514605805,0.0009350923937745392,0.0015781992115080357,0.002119202632457018,-0.0008067567250691354,0.0021662150975316763,-0.001031027757562697,0.0006267374847084284,-0.000662890262901783,0.001275267917662859,0.0026596644893288612,0.00015431098290719092,0.00017443369142711163,-3.3995540434261784e-05,-0.0006365291774272919,-0.0023321190383285284,0.00047819389146752656,0.0013086553663015366,-0.0002938768593594432,0.0001966685667866841,-0.00036054159863851964,-0.00027543192845769227,-0.0006617654580622911,-0.0007635709480382502,-0.0012217940529808402,-0.0007794430130161345,-0.0009893478127196431,-0.00110198138281703,0.0004850973200518638,0.0004606159345712513,-0.0033673758152872324,-0.0007431175326928496,0.0008154275128617883,0.00023849769786465913,0.0005423438269644976,-0.00045358584611676633,0.0011118970578536391,0.0021922660525888205,-0.0002668307861313224,-0.00014099250256549567,0.0005086997407488525,-0.001671184552833438,-0.001977638341486454,-0.0017556254751980305,-0.002706425031647086,0.0016266509192064404,-0.0004197116941213608,0.00016705920279491693,0.0025238676462322474,0.001286034588702023,-0.00020980965928174555,-0.0017292554257437587,-0.000601852429099381,-0.000701709243003279,0.0003874407848343253,-0.0012530980166047812,0.00113167695235461,0.0020525280851870775,0.0011303622741252184,-0.0005231196992099285,0.0006154459551908076,0.0005434947670437396,-0.0007721015717834234,0.002524753101170063,0.000867052876856178,-0.0010477927280589938,-0.0005759783671237528,-0.00022613331384491175,0.00124853674788028,-0.0004984533879905939,-0.00014142069267109036,-0.0009836048120632768,0.0006510200328193605,-0.0010431638220325112,0.0011339012999087572,0.0011522534769028425,-0.0007035211310721934,-0.002348036505281925,0.0007809044909663498,-0.0008388636633753777,0.001132903154939413
-0.0005701407790184021,0.002358917146921158,0.0002968530752696097,0.0005341882351785898,-0.0012454944662749767,0.0003357455716468394,-0.00016858622257132083,-0.00033362337853759527,0.00032636415562592447,0.0017700050957500935,-6.387708708643913e-05,-0.0002917138044722378,0.0012726914137601852,-0.0010290475329384208,-0.00012281214003451169,0.003221086924895644,-0.0014072384219616652,-0.0007449588156305254,-0.0005489528994075954,-0.0008336042519658804,-0.002156379632651806,-0.0027142243925482035,0.0012123103952035308,-0.0008800129871815443,0.002709842287003994,-0.0013088540872558951,0.0003897935675922781,-0.0011439472436904907,0.0005731763085350394,0.0025087709072977304,0.002393124159425497,1.3760058209300041e-05,0.00023120774130802602,-0.0009715434862300754,0.001630506943911314,0.0006548753008246422,-0.0014562405413016677,-0.0006035321857780218,0.00028311077039688826,-0.0010978978825733066,-0.0013487578835338354,-0.0009736744686961174,-0.0015160130569711328,-0.0011835069162771106,-0.0007372929831035435,-0.0023032885510474443,0.00040745423757471144,6.27199697191827e-05,-0.00046548841055482626,-0.0011857172939926386,0.001851447974331677,0.0027772458270192146,0.0005360954673960805,-0.002420778153464198,0.0015381620032712817,-0.0002849159063771367,0.001428248593583703,0.0009460997534915805,0.0014170294161885977,0.0007890831329859793,3.09269453282468e-05,-0.0011528178583830595,2.407277497695759e-05,-0.0022965786047279835,0.0005243891500867903,-0.0006320949760265648,-0.0006231500301510096,-0.0012331076432019472,-0.002350663533434272,0.0004536706255748868,0.0015756888315081596,0.0014094733633100986,-0.0023520977701991796,-0.0007241771090775728,0.0028050930704921484,0.001400396809913218,0.0012495174305513501,0.001530976383946836,-0.002061558188870549,0.0008193773683160543,-0.0013526336988434196,0.0016684673028066754,0.0011998701374977827,8.907735900720581e-05,0.00039918679976835847,-0.001719340099953115,0.0010118917562067509,0.0011178768472746015,1.6278199836960994e-05,0.001792716677300632,-0.0007061694632284343,0.000888918642885983,-0.00044389854883775115,7.491809810744599e-05,-0.0007020517368800938,0.0009610315319150686,0.001577453687787056,0.00018379447283223271,-0.0006487852078862488,0.0005722805508412421
-0.0007350344676524401,0.0006951179238967597,-0.0010413405252620578,-0.0018445274326950312,0.00020577492250595242,0.001046875026077032,0.00020043029508087784,-0.0016893441788852215,0.0006723050610162318,0.0026415653992444277,9.671981388237327e-05,0.000871871190611273,-0.0007739162538200617,0.001320538343861699,0.0006834169034846127,-0.0002032404881902039,7.791002281010151e-05,0.0006388039328157902,-0.0008023583795875311,-0.002092223847284913,-0.0017458359943702817,0.0012943623587489128,-0.0011466258438304067,-0.0027250051498413086,-6.432510417653248e-05,-0.0005633137770928442,-0.0006213035667315125,2.307755312358495e-05,0.0009546609944663942,0.0006207530968822539,-0.00045553414383903146,0.0011262523476034403,-0.001718707848340273,-0.00033125217305496335,-0.0006042442400939763,0.0009955097921192646,0.00026732549304142594,-0.00016329037316609174,-0.0009521864703856409,-0.0019190083257853985,-0.0028600527439266443,-0.0009700075606815517,0.0001009750776574947,0.000760974595323205,-0.00030882470309734344,-0.00012071112723788247,0.0002236520522274077,-0.00010812670370796695,0.0017157786060124636,0.0002036333899013698,-0.0002958157565444708,-0.0004998802323825657,6.158313772175461e-05,0.0007548336288891733,0.0008503124117851257,-0.0005339203053154051,0.0017475011991336942,-0.0011916544754058123,0.00033225820516236126,-0.0026387537363916636,0.0018644877709448338,-0.0012912750244140625,-0.0032987564336508512,-0.0015795067884027958,0.0021586131770163774,-5.4217151046032086e-05,0.0014433003962039948,0.0006580536137335002,6.785722507629544e-05,0.0006206550169736147,-0.001989824930205941,-0.0009886623593047261,7.824315980542451e-05,0.0014420136576518416,-0.000932512164581567,0.0008067823364399374,-0.0003665726399049163,0.00022446700313594192,0.00142073689494282,0.00028884297353215516,0.0015647648833692074,-0.0028844380285590887,-1.1577491022762842e-05,-0.0015255394391715527,0.0006595467566512525,-0.0005890969187021255,8.145792526192963e-05,0.0016328059136867523,-0.00047920423094183207,-0.0025366374757140875,0.0018578751478344202,-0.00020551927445922047,-0.0004841881454922259,0.0007508849375881255,-0.0016471347771584988,0.0023113046772778034,0.0007683135336264968,-0.0019785789772868156,0.003396744839847088,0.0003520897007547319
0.000515652762260288,3.8005640817573294e-05,0.00024879875127226114,-0.000412329682148993,-8.04244882601779e-06,0.002787961857393384,0.0002378959470661357,-0.0011866926215589046,-0.0008837289642542601,0.000735165027435869,-0.0007288235356099904,-0.00176607770845294,4.4652741053141654e-05,-0.0006877070991322398,0.001331038074567914,-0.0013944157399237156,0.001345901284366846,0.0018099916633218527,0.001042221556417644,-0.0017019757069647312,0.0011608593631535769,-0.0005338653572835028,-0.0005319702904671431,0.0005897436058148742,0.0020098527893424034,-0.0009007060434669256,-0.0009544392232783139,4.238521432853304e-05,-0.0015136589063331485,-0.001080940943211317,0.0004754222754854709,-0.0007666838355362415,0.0003608250408433378,0.0011530396295711398,-0.0004230608174111694,0.0011913878843188286,0.0006456243572756648,-0.0012116547441110015,-0.0009985388023778796,-0.0033949678763747215,-0.00018097383144777268,-0.0005877077928744256,0.001460059080272913,-0.00031314665102399886,0.0001802339102141559,-0.00041135938954539597,0.0007036371971480548,0.0009843646548688412,-0.0005446390714496374,-0.0017147058388218284,-0.000237252505030483,0.000639051606412977,0.00212669069878757,0.0026424373500049114,-0.0007369648665189743,0.0006513481494039297,-0.002872185781598091,0.0010908790864050388,-0.001809366513043642,0.0011537601239979267,-5.7903194829123095e-05,0.0011021146783605218,0.000601127976551652,0.001153802964836359,0.002687591128051281,-0.0007916335598565638,-0.0011764420196413994,-0.001245383289642632,0.0009470596560277045,0.0015920193400233984,-0.0025072835851460695,-0.0016315364046022296,0.00107967562507838,-0.0005707989912480116,-0.0007123982068151236,0.0011533484794199467,0.0013318968703970313,0.0009736879146657884,-0.0006325728609226644,0.0006769829196855426,0.0016214108327403665,-0.00024669923004694283,-0.00019268033793196082,-0.0006569529068656266,0.0006456452538259327,-0.00010307994671165943,-0.0008816391928121448,-9.183437214232981e-05,-0.0016490647103637457,0.001759540755301714,-0.0012648358242586255,-0.0008031131001189351,0.0013069952838122845,-0.0009205552632920444,0.0018465479370206594,0.0001955394836841151,-0.00038876995677128434,-0.0007747662020847201,0.0022784771863371134,0.0018120850436389446
-0.001092463848181069,-0.00032217465923167765,0.0008779551717452705,-0.0017869434086605906,0.0009719393565319479,-0.001368912635371089,0.0004955132608301938,0.0013835651334375143,0.001249280758202076,-0.003496329765766859,0.0005366337136365473,0.0013615653151646256,0.000787115131970495,0.0029259156435728073,0.0002215111453551799,-0.000996856950223446,-0.001051616040058434,0.0008977047400549054,-8.83469547261484e-05,0.0008840907248668373,-0.0002650251262821257,0.0020400111097842455,0.0012010681675747037,-0.00040992978028953075,0.0005954432999715209,0.0002815721381921321,0.0004086240951437503,0.0006363623542711139,-0.0006559132016263902,0.0009690974256955087,0.001230352558195591,-0.002306465059518814,-0.0002686894149519503,-0.0015423614531755447,-0.0012536838185042143,0.0012184955412521958,-0.0007290674257092178,-0.00022758041450288147,0.0013775213155895472,0.0032843819353729486,-0.0007453846046701074,0.0006317546358332038,0.00039222012856043875,-0.0032592255156487226,0.0006168390973471105,-0.0008830055594444275,-0.0007082772790454328,-2.730704409259488e-06,-0.0028507995884865522,0.0011606572661548853,0.00028409642982296646,-0.0001817659504013136,-0.0023303066845983267,0.0017443746328353882,0.0014345726231113076,-0.0009736535721458495,-0.0005892307381145656,-0.0016764255706220865,-0.003350230399519205,-3.753080454771407e-05,0.0016321031143888831,-0.0016825319034978747,0.002868336858227849,0.001834319089539349,0.001809178153052926,0.0016427775844931602,0.002028471091762185,0.0009403389994986355,-0.0001694871752988547,-0.0005589625798165798,0.0008090923656709492,-0.00045629715896211565,0.003065746510401368,-0.00018562718469183892,0.0005655139684677124,-0.0011003242107108235,-0.0052406759932637215,0.0003449464566074312,0.0014287866652011871,2.9965953217470087e-05,-0.0009375530644319952,-0.0005117350374348462,0.0011368697742000222,0.001443330431357026,7.799539162078872e-05,0.00032002548687160015,-0.00012604579387698323,-0.00043135331361554563,-0.0011482031550258398,0.00046086031943559647,-0.0007763982866890728,-0.0006914551486261189,0.002237363951280713,0.0004000499320682138,0.001502490253187716,-0.0010721941944211721,0.0015636271564289927,0.0022715639788657427,-0.0011177341220900416,0.0012679642532020807
-0.0012297469656914473,0.001305383280850947,0.0003063285839743912,-0.0054877689108252525,-0.0003687308053486049,0.00030991126550361514,0.0016263086581602693,-0.0012516046408563852,0.001190629554912448,-0.0007078259368427098,0.0017534479266032577,-2.0450586816878058e-05,0.0008950388291850686,-0.000531363592017442,-0.0006992038106545806,0.00022906754747964442,0.0022333816159516573,-0.0022396433632820845,-0.0012762794503942132,-0.00036175260902382433,-0.0024260729551315308,-0.00013429885439109057,0.0022192993201315403,-0.0014845614787191153,-0.0018254213500767946,-0.0014381532091647387,0.003298246767371893,0.0016714591765776277,0.0001249522902071476,-0.00106188771314919,0.0020721983164548874,-0.00028715189546346664,0.0013068491825833917,-0.0017132193315774202,-0.0030054617673158646,0.0017280352767556906,0.002964597661048174,0.0018367019947618246,0.0013683080906048417,0.0007066369871608913,0.0002449104795232415,-0.001706108101643622,-0.0021269298158586025,0.003308325307443738,0.0028269693721085787,0.0017569030169397593,-3.103409108007327e-05,0.0016364529728889465,0.0029324383940547705,-0.0006368763861246407,0.0005740001797676086,-0.000566591857932508,-0.0018534421687945724,0.0006866281619295478,-0.0009859075071290135,0.0025747616309672594,-0.0010038587497547269,0.0022244537249207497,-0.0018717404454946518,0.0009630727581679821,-0.003752115648239851,-0.0026756087318062782,-0.0028029740788042545,-0.0011954474030062556,0.00036098482087254524,0.0028197045903652906,0.0031213245820254087,-0.00010138284415006638,-0.001977704931050539,0.0005297718453221023,-0.0011307916138321161,0.00013928768748883158,0.0025492580607533455,0.0014989286428317428,0.0004475154564715922,0.0002558973210398108,0.003155199345201254,0.0014213876565918326,-0.0003009506908711046,0.00013547544949688017,0.0017032150644809008,-0.0014748063404113054,0.0013010469265282154,-0.0011265588691458106,0.0005812236340716481,-0.0011849000584334135,0.0011737605091184378,-0.001963157206773758,0.0011603408493101597,-0.0006954693817533553,-0.002323640277609229,-0.00010141290113097057,-0.0012026240583509207,-0.00023761989723425359,-0.00040381174767389894,-0.002676605712622404,0.0004889089614152908,0.0012682231608778238,-0.000651403795927763,-0.004047319758683443
-0.0010328131029382348,-0.0006567913806065917,0.0015991399995982647,0.0026495151687413454,0.0022892383858561516,0.001451072166673839,-0.000940832425840199,-0.001206116285175085,-0.0011818432249128819,-0.0007860981277190149,-7.396121509373188e-05,-0.00044944629189558327,0.0016380248125642538,-0.0017517890082672238,0.00020303750352468342,0.0006923989276401699,-0.0016791006783023477,-0.0007120044901967049,0.0002888864546548575,0.00011032333713956177,-0.0004556745698209852,0.0022429549135267735,6.328797462629154e-05,-0.002625741297379136,0.0006228170823305845,2.4442095309495926e-05,0.002104604383930564,1.3490162018570118e-05,0.0007655579247511923,7.89471814641729e-05,-0.0008229570230469108,-0.0017524941358715296,-0.001324691460467875,-0.001131454948335886,-0.00038873532321304083,0.00011506518785608932,-0.00021065183682367206,8.516176603734493e-05,0.0009648017585277557,0.0007539215148426592,-0.0005051583866588771,-0.0005737413302995265,0.00035463579115457833,-0.0003344508004374802,7.580200326628983e-05,-0.0012459695572033525,0.00017969869077205658,-0.0025474627036601305,0.0010295946849510074,-0.0011541529092937708,0.0009058578289113939,0.0012525341007858515,-0.0001187157686217688,0.001260128105059266,-0.002090263180434704,0.0016550758155062795,-0.0011957435635849833,-0.001887381891719997,0.001675554201938212,-0.0030373416375368834,0.0009530718671157956,-0.000253786682151258,-0.001422111177816987,-0.002341614803299308,0.0010171440662816167,0.0001959418732440099,-0.000512912345584482,0.001341525581665337,0.0004100664227735251,-0.0016949004493653774,-0.002377645345404744,-0.0014892988838255405,0.003196537960320711,-0.000928751309402287,0.0017136307433247566,-0.000892389565706253,0.0006111337570473552,-0.0010600456735119224,-0.00032741978066042066,-0.000696383067406714,0.003860982833430171,0.0021084886975586414,0.0018167332746088505,0.0010338288266211748,-0.0011458095395937562,0.0010308721102774143,0.00023095516371540725,-0.0018613762222230434,-0.0007125138654373586,0.0002883745764847845,-0.001731955911964178,0.0006757290684618056,-0.00033654028084129095,-0.0019944629166275263,-0.001541872974485159,0.00041530418093316257,-7.416159496642649e-05,-0.0022606244310736656,-0.0017481994582340121,0.0021998551674187183
0.0013189922319725156,-0.0005663515185005963,0.0015145647339522839,0.0006277390639297664,0.0007982130628079176,0.0007154755294322968,-0.0007261392311193049,-0.0009246580302715302,-0.0004248865006957203,0.0010491543216630816,-0.0013742472510784864,-0.0017875477205961943,0.0013153951149433851,0.0007211113115772605,0.0021142077166587114,-0.0009727019933052361,0.00134746462572366,0.00021002907305955887,0.0033154189586639404,6.93386173225008e-05,0.0007734344690106809,0.0007099327049218118,-0.0012205014936625957,-0.0013041304191574454,-0.0006926963687874377,-0.0006921289023011923,0.002013543853536248,0.0020870165899395943,4.0151284338207915e-05,-9.848098125075921e-05,0.002295871963724494,0.00021942652529105544,0.0006281633395701647,-0.0003134082071483135,-0.002766973339021206,-0.0006166804814711213,0.002962801605463028,0.001658060704357922,0.0009425679454579949,-6.0592406953219324e-05,0.002024248940870166,0.002448444487527013,0.0016353771788999438,-0.0006297539221122861,0.0005651675164699554,-0.0008216608548536897,-0.0012128484668210149,0.0011860865633934736,-0.0018016007961705327,0.00041129934834316373,-0.0016426164656877518,0.000679738586768508,0.001209279871545732,-0.00047108446597121656,0.0010357757564634085,-0.0008847417193464935,-0.0007927357801236212,-0.0006045580958016217,0.0007853510323911905,-5.432410762296058e-05,0.0010792805114760995,0.0024094232358038425,-0.0005540207494050264,-0.001675681327469647,-0.0005672104307450354,-0.004932601470500231,0.000893445685505867,0.0014940883265808225,0.0015796682564541698,0.0009206380345858634,-0.0007928675622679293,0.003371134167537093,2.5628431103541516e-05,-0.0003841053694486618,-0.00045064641744829714,0.00012229914136696607,0.001317978254519403,0.0018504937179386616,0.0034503163769841194,-0.0007164932321757078,-0.0011830833973363042,-0.0004826125514227897,-0.002428264357149601,0.0004861610068473965,0.0006511490209959447,0.0011056263465434313,0.0009307808941230178,-0.0005048889433965087,-0.00015189121768344194,0.0014804559759795666,0.00011084491416113451,0.001080843387171626,-0.003200550563633442,0.0006002665031701326,-0.00043416631524451077,-0.0015672449953854084,-0.0002420858363620937,-0.0012844294542446733,-0.00019293715013191104,0.0023124164436012506
0.0018776044016703963,-0.0011411125306040049,-0.0015991039108484983,-0.0007761789602227509,0.0006576087907887995,0.0005559175624512136,0.0007892191642895341,0.0018569269450381398,0.001213311799801886,0.001682001631706953,-0.0014961283886805177,0.0005821007653139532,0.0004710676148533821,-0.0013105882098898292,0.0011578458361327648,-0.000991207780316472,-0.0003063393523916602,-0.000921761617064476,9.080737800104544e-05,-0.00019192132458556443,0.0008680423488840461,0.0010570235317572951,0.0010854016290977597,-0.0017176973633468151,0.001465704757720232,-0.0013184291310608387,-0.0018089142395183444,-0.00010417154408060014,0.00034104855149053037,0.0015865904279053211,-0.0011849311413243413,-0.00013251179188955575,-0.0015866979956626892,0.00045376888010650873,-0.0028637959621846676,-0.0016133531462401152,0.002720118500292301,0.0002032947668340057,-0.0003439864085521549,0.0006667398265562952,0.0001971064630197361,0.0012272405438125134,0.0002594362013041973,-0.0006813541403971612,-0.0014615851687267423,0.000610786082688719,0.0017293159617111087,0.0006701031816191971,-0.0009577059536240995,-0.0016622133553028107,-0.0002949009067378938,9.394937660545111e-05,-0.001478851307183504,-0.0011245665373280644,-0.0009754729107953608,-0.0001571991597302258,0.0006900842417962849,-0.0035167464520782232,0.0010919147171080112,0.0007002798956818879,0.00273249763995409,0.0015667163534089923,0.0007845337968319654,0.0004235244414303452,2.6648101538739866e-06,-0.0019550046417862177,-0.0010865821968764067,-0.00045431757462210953,-0.00038971149479039013,-0.002283276990056038,-0.0015648287953808904,-0.0008486092556267977,0.0006030308431945741,-0.0008919248939491808,-0.0029580616392195225,0.0015720947412773967,0.0005821118247695267,-0.00037277769297361374,0.00020574139489326626,-5.033974230173044e-05,-0.0010388237424194813,-0.0020277935545891523,0.000950970861595124,0.0008674915879964828,0.0007623836863785982,-0.001119838678278029,-0.0012937280116602778,-0.00014529447071254253,0.002696416573598981,-0.0006435556570068002,-0.0003915370616596192,-0.0013900217600166798,0.000643979583401233,-0.0007812626427039504,0.00027425988810136914,0.0003425621835049242,-0.0005129490164108574,-0.0018435257952660322,0.0008880404639057815,-0.0004826023359782994
-0.0015646375250071287,-4.0609989810036495e-05,0.00026800838531926274,-0.0017509071622043848,-0.001779873506166041,-0.0014098223764449358,0.0023871047887951136,-0.001899532973766327,0.0007150598103180528,-0.0007089587161317468,6.566698721144348e-05,0.0008694223943166435,0.0013574101030826569,0.0020645635668188334,1.0750871979325893e-06,0.0003899265138898045,0.0006009646458551288,0.0009735726052895188,-0.0016103731468319893,-0.0008532485808245838,0.00022524675296153873,0.005576435476541519,0.0011841377709060907,-0.0007774671539664268,0.0021510343067348003,0.0014889391604810953,0.0025040432810783386,-0.0007709650089964271,0.0022735190577805042,0.001324844197370112,-0.0005624172044917941,0.001756627461872995,-0.0003550139663275331,-0.0006921527674421668,-0.0011922030244022608,-0.0008725365623831749,0.0005119655979797244,-0.0003191435826011002,0.0002751971478573978,0.0006149412365630269,0.0016933700535446405,-0.0002245826181024313,-0.0009097186266444623,-0.0004906841786578298,-0.001269612810574472,-0.00025363994063809514,-0.0031689328607171774,0.000962230667937547,0.0011906458530575037,-1.278764921153197e-05,-0.0027671002317219973,-0.00021815825311932713,-0.001853659749031067,0.00394057622179389,-0.0019346222979947925,-0.0013845529174432158,-0.0010500065982341766,0.0025862304028123617,-0.0011940718395635486,-0.0004322601016610861,0.0024959805887192488,-0.0009117716108448803,-0.002500272821635008,0.0021598010789602995,-8.504717698087916e-05,0.0012194738956168294,0.00012992217671126127,0.0002516733657103032,-0.0011334625305607915,0.0034440041054040194,0.0004224666045047343,0.00010138806828763336,-0.002041472354903817,0.0022734212689101696,0.002492625964805484,-0.0002548063057474792,0.001638963120058179,0.00025497941533103585,0.0003385143936611712,0.001918220310471952,0.0011994322994723916,0.0016589472070336342,-0.0011314927833154798,-0.0008210016530938447,0.002392588881775737,-0.0012471546651795506,0.0008582525770179927,0.0024188554380089045,0.0014989639166742563,-0.0021999815944582224,-0.0022765344474464655,-0.0007633887580595911,0.0011556491954252124,-0.004000391811132431,0.0005307969404384494,0.0010387739166617393,-0.0009210105636157095,0.00010032932186732069,-0.0010000941110774875,0.0007814206182956696
0.000515652762260288,3.8005640817573294e-05,0.00024879875127226114,-0.000412329682148993,-8.04244882601779e-06,0.002787961857393384,0.0002378959470661357,-0.0011866926215589046,-0.0008837289642542601,0.000735165027435869,-0.0007288235356099904,-0.00176607770845294,4.4652741053141654e-05,-0.0006877070991322398,0.001331038074567914,-0.0013944157399237156,0.001345901284366846,0.0018099916633218527,0.001042221556417644,-0.0017019757069647312,0.0011608593631535769,-0.0005338653572835028,-0.0005319702904671431,0.0005897436058148742,0.0020098527893424034,-0.0009007060434669256,-0.0009544392232783139,4.238521432853304e-05,-0.0015136589063331485,-0.001080940943211317,0.0004754222754854709,-0.0007666838355362415,0.0003608250408433378,0.0011530396295711398,-0.0004230608174111694,0.0011913878843188286,0.0006456243572756648,-0.0012116547441110015,-0.0009985388023778796,-0.0033949678763747215,-0.00018097383144777268,-0.0005877077928744256,0.001460059080272913,-0.00031314665102399886,0.0001802339102141559,-0.00041135938954539597,0.0007036371971480548,0.0009843646548688412,-0.0005446390714496374,-0.0017147058388218284,-0.000237252505030483,0.000639051606412977,0.00212669069878757,0.0026424373500049114,-0.0007369648665189743,0.0006513481494039297,-0.002872185781598091,0.0010908790864050388,-0.001809366513043642,0.0011537601239979267,-5.7903194829123095e-05,0.0011021146783605218,0.000601127976551652,0.001153802964836359,0.002687591128051281,-0.0007916335598565638,-0.0011764420196413994,-0.001245383289642632,0.0009470596560277045,0.0015920193400233984,-0.0025072835851460695,-0.0016315364046022296,0.00107967562507838,-0.0005707989912480116,-0.0007123982068151236,0.0011533484794199467,0.0013318968703970313,0.0009736879146657884,-0.0006325728609226644,0.0006769829196855426,0.0016214108327403665,-0.00024669923004694283,-0.00019268033793196082,-0.0006569529068656266,0.0006456452538259327,-0.00010307994671165943,-0.0008816391928121448,-9.183437214232981e-05,-0.0016490647103637457,0.001759540755301714,-0.0012648358242586255,-0.0008031131001189351,0.0013069952838122845,-0.0009205552632920444,0.0018465479370206594,0.0001955394836841151,-0.00038876995677128434,-0.0007747662020847201,0.0022784771863371134,0.0018120850436389446
-0.0005701407790184021,0.002358917146921158,0.0002968530752696097,0.0005341882351785898,-0.0012454944662749767,0.0003357455716468394,-0.00016858622257132083,-0.00033362337853759527,0.00032636415562592447,0.0017700050957500935,-6.387708708643913e-05,-0.0002917138044722378,0.0012726914137601852,-0.0010290475329384208,-0.00012281214003451169,0.003221086924895644,-0.0014072384219616652,-0.0007449588156305254,-0.0005489528994075954,-0.0008336042519658804,-0.002156379632651806,-0.0027142243925482035,0.0012123103952035308,-0.0008800129871815443,0.002709842287003994,-0.0013088540872558951,0.0003897935675922781,-0.0011439472436904907,0.0005731763085350394,0.0025087709072977304,0.002393124159425497,1.3760058209300041e-05,0.00023120774130802602,-0.0009715434862300754,0.001630506943911314,0.0006548753008246422,-0.0014562405413016677,-0.0006035321857780218,0.00028311077039688826,-0.0010978978825733066,-0.0013487578835338354,-0.0009736744686961174,-0.0015160130569711328,-0.0011835069162771106,-0.0007372929831035435,-0.0023032885510474443,0.00040745423757471144,6.27199697191827e-05,-0.00046548841055482626,-0.0011857172939926386,0.001851447974331677,0.0027772458270192146,0.0005360954673960805,-0.002420778153464198,0.0015381620032712817,-0.0002849159063771367,0.001428248593583703,0.0009460997534915805,0.0014170294161885977,0.0007890831329859793,3.09269453282468e-05,-0.0011528178583830595,2.407277497695759e-05,-0.0022965786047279835,0.0005243891500867903,-0.0006320949760265648,-0.0006231500301510096,-0.0012331076432019472,-0.002350663533434272,0.0004536706255748868,0.0015756888315081596,0.0014094733633100986,-0.0023520977701991796,-0.0007241771090775728,0.0028050930704921484,0.001400396809913218,0.0012495174305513501,0.001530976383946836,-0.002061558188870549,0.0008193773683160543,-0.0013526336988434196,0.0016684673028066754,0.0011998701374977827,8.907735900720581e-05,0.00039918679976835847,-0.001719340099953115,0.0010118917562067509,0.0011178768472746015,1.6278199836960994e-05,0.001792716677300632,-0.0007061694632284343,0.000888918642885983,-0.00044389854883775115,7.491809810744599e-05,-0.0007020517368800938,0.0009610315319150686,0.001577453687787056,0.00018379447283223271,-0.0006487852078862488,0.0005722805508412421
-0.0002710768021643162,-0.00038961583049967885,0.0011624271282926202,0.0005456554354168475,0.0057762120850384235,0.0007406338700093329,-0.0006322604021988809,-0.00034116380265913904,-0.0007084692479111254,-0.0013507502153515816,0.00017991053755395114,-0.0013251181226223707,0.00017273898993153125,0.001726299524307251,0.0017383383819833398,-0.0011093906359747052,-0.0005087189492769539,-0.005202107131481171,-0.000959316676016897,0.0034037905279546976,-0.0009215032332576811,-0.0005436743376776576,0.0009689857834018767,-0.0005303291836753488,-0.0015595685690641403,0.0010721676517277956,-0.00028745908639393747,-0.00347121967934072,0.0008471276960335672,0.0001747956412145868,-0.0003901452582795173,-0.0002910580369643867,0.0008881521644070745,-0.0018881384748965502,0.0021737897768616676,3.516873675835086e-06,0.0007744095055386424,-0.0007368057267740369,0.0009493237012065947,-0.000699031981639564,-7.09534069756046e-05,0.0024240727070719004,0.0016050125705078244,-0.00170273263938725,-0.001200126251205802,0.001261163386516273,-0.0023374168667942286,-0.0016013290733098984,-0.0006868510390631855,0.0002669576497282833,0.001580271520651877,0.00045330688590183854,-0.0026323539204895496,0.0015410876367241144,-0.0009213271550834179,-0.0030790704768151045,0.002093703020364046,0.0010941806249320507,9.689653234090656e-05,-0.0017630646470934153,-0.0004315730766393244,-0.0016512786969542503,0.0032029093708842993,-0.00028370978543534875,0.0004980402300134301,0.00031076703453436494,0.0005117100663483143,0.0002883161068893969,-0.000876347825396806,0.0008448540465906262,-0.0002808570861816406,-0.003445327514782548,0.0009698870708234608,0.0017199077410623431,0.0011036302894353867,-0.0017019320512190461,0.0001745194458635524,0.0009754099301062524,0.00020765057706739753,-0.00011896069190697744,0.0014480327954515815,-0.0007798881269991398,-0.001152060111053288,2.955302807094995e-05,0.0004535228945314884,0.0020409084390848875,0.0025652400217950344,-0.0013950855936855078,-0.003175919409841299,-0.0024729620199650526,-0.00012928574869874865,-0.002448221668601036,-0.0013507362455129623,0.0012572385603561997,0.0009488435462117195,-0.0014739743201062083,-0.002040883991867304,0.0007046526297926903,-0.0024191567208617926,1.255146798939677e-05
